[
  {
    "rank": 1,
    "name": "Towering tree-tops - slooperd, redstom",
    "klp": 1200
  },
  {
    "rank": 2,
    "name": "OB - Slimy Road  -ocelote",
    "klp": 1170
  },
  {
    "rank": 3,
    "name": "Meow Speedrun - redstom",
    "klp": 1140
  },
  {
    "rank": 4,
    "name": "OB - Snake Love   -ocelote",
    "klp": 1110
  },
  {
    "rank": 5,
    "name": "Tower of true skill-zevorcen",
    "klp": 1090
  },
  {
    "rank": 6,
    "name": "Eternal Frozurn Fate - Ocelote",
    "klp": 1070
  },
  {
    "rank": 7,
    "name": "Stilted fortress-saarck",
    "klp": 1050
  },
  {
    "rank": 8,
    "name": "Liquid - Ocelote",
    "klp": 1030
  },
  {
    "rank": 9,
    "name": "Magnihell - Whatwhatw",
    "klp": 1000
  },
  {
    "rank": 10,
    "name": "Bombas de Ocelote - redstom",
    "klp": 990
  },
  {
    "rank": 11,
    "name": "Lanzimbo-ocelote",
    "klp": 970
  },
  {
    "rank": 12,
    "name": "Bob is Mad - Ocelote",
    "klp": 950
  },
  {
    "rank": 13,
    "name": "[The Magnetic Void] - Ocelote",
    "klp": 930
  },
  {
    "rank": 14,
    "name": "Abyssal Horizon - Saarck",
    "klp": 910
  },
  {
    "rank": 15,
    "name": "Ice Frostbite - Germinxvee, Sasha",
    "klp": 890
  },
  {
    "rank": 16,
    "name": "Cataclysmic Delusion - Raincube",
    "klp": 870
  },
  {
    "rank": 17,
    "name": "Dark Travel - MK Milxky Maker",
    "klp": 850
  },
  {
    "rank": 18,
    "name": "Kaizo 0 - Ocelote",
    "klp": 830
  },
  {
    "rank": 19,
    "name": "CATASTROPHIC MYSERY - RainCube, Ocelote",
    "klp": 810
  },
  {
    "rank": 20,
    "name": "Kaizo SHIP - Ocelote",
    "klp": 790
  },
  {
    "rank": 21,
    "name": "Mount Pyrlen - Saarck",
    "klp": 770
  },
  {
    "rank": 22,
    "name": "Pyrlen Wastes - Saarck",
    "klp": 750
  },
  {
    "rank": 23,
    "name": "Dunes of the Damned - Saarck",
    "klp": 730
  },
  {
    "rank": 24,
    "name": "[Cliffside Precision - 1ts Al3x]",
    "klp": 710
  },
  {
    "rank": 25,
    "name": "Tenebris - NoMilk, Germinxvee",
    "klp": 690
  },
  {
    "rank": 26,
    "name": "Trio Kaizo Infinity - Sasha & more",
    "klp": 670
  },
  {
    "rank": 27,
    "name": "Ice Shardnel - Germinxvee",
    "klp": 650
  },
  {
    "rank": 28,
    "name": "Castle Shooter - AnDronolis",
    "klp": 630
  },
  {
    "rank": 29,
    "name": "VS fake Ocelote - Ocelote",
    "klp": 610
  },
  {
    "rank": 30,
    "name": "Long clover-   lanzy-ulb",
    "klp": 590
  },
  {
    "rank": 31,
    "name": "Make longs kaizo jumps - redstom",
    "klp": 570
  },
  {
    "rank": 32,
    "name": "Magnetic hard kaizo - Samuel CM",
    "klp": 550
  },
  {
    "rank": 33,
    "name": "Kaizo - theredman3222",
    "klp": 530
  },
  {
    "rank": 34,
    "name": "Red house - Wytems",
    "klp": 510
  },
  {
    "rank": 35,
    "name": "Red Castle Kaizo - Ocelote",
    "klp": 490
  },
  {
    "rank": 36,
    "name": "Sonic power-ocelote",
    "klp": 470
  },
  {
    "rank": 37,
    "name": "[Infected Planet - Samuel CM, Ocelote]",
    "klp": 450
  },
  {
    "rank": 38,
    "name": "Ablivision-Infernal CHAOS",
    "klp": 430
  },
  {
    "rank": 39,
    "name": "Forest hell - TheredMan3222",
    "klp": 410
  },
  {
    "rank": 40,
    "name": "Extreme Worlds 1-T0ps 1",
    "klp": 390
  },
  {
    "rank": 41,
    "name": "Lava Paradise - Ocelote",
    "klp": 370
  },
  {
    "rank": 42,
    "name": "Magnetic easy kaizo-samuel CM",
    "klp": 350
  },
  {
    "rank": 43,
    "name": "Harakiri-mecalo",
    "klp": 330
  },
  {
    "rank": 44,
    "name": "[The Final PLANET-Samuel CM]",
    "klp": 310
  },
  {
    "rank": 45,
    "name": "Dark Moon-Samuel CM",
    "klp": 290
  },
  {
    "rank": 46,
    "name": "the hardst-bradley",
    "klp": 270
  },
  {
    "rank": 47,
    "name": "Moonl-Top1PL",
    "klp": 250
  },
  {
    "rank": 48,
    "name": "A true nightmare - ITADORI",
    "klp": 230
  },
  {
    "rank": 49,
    "name": "Internal Vortex",
    "klp": 210
  },
  {
    "rank": 50,
    "name": "Speedrun-40 seconds - psychic",
    "klp": 190
  },
  {
    "rank": 51,
    "name": "Cute Travel- Samunight CM",
    "klp": 170
  },
  {
    "rank": 52,
    "name": "forest madness-andronolis",
    "klp": 150
  },
  {
    "rank": 53,
    "name": "Tower of Worlds-Alexsound",
    "klp": 130
  },
  {
    "rank": 54,
    "name": "kaizo 56 v2 x redux ex - Saarck",
    "klp": 110
  },
  {
    "rank": 55,
    "name": "Cheese burrito 1 - alfajack343",
    "klp": 90
  },
  {
    "rank": 56,
    "name": "Rocco Siffredi",
    "klp": 70
  },
  {
    "rank": 57,
    "name": "Kaizo lol - by Sasha Krutoy YT2 (The Best)",
    "klp": 0
  }
]